Campaign,Campaign status,Ad group,Ad status,Final URL,Path 1,Path 2,Headline 1,Headline 2,Headline 3,Headline 4,Headline 5,Headline 6,Headline 7,Headline 8,Description 1,Description 2,Description 3,Description 4
KZ | Finance | Search | RU,Paused,AG1 | Knowledge control,Paused,https://www.kml.kz/ru/finance?utm_source=google&utm_medium=cpc&utm_campaign=kz_finance_search_ru&utm_content=ag_knowledge_rsa_a,finance,control,Kamilya для финорганизаций,Проверяйте знания команды,Обучение по вашим правилам,Курс из ваших документов,Результаты в одном журнале,Для МФО и ломбардов,Для страховых и брокеров,Демо на ваших документах,Готовая основа курса по ИБ и адаптация под внутренние документы организации.,Создавайте курсы и тесты и проверяйте результаты в одном рабочем контуре.,Покажем сценарий на ваших материалах. Содержание утверждает ваша команда.,Для финансовых организаций Казахстана: курсы тесты и журнал обучения.
KZ | Finance | Search | RU,Paused,AG1 | Knowledge control,Paused,https://www.kml.kz/ru/finance?utm_source=google&utm_medium=cpc&utm_campaign=kz_finance_search_ru&utm_content=ag_knowledge_rsa_b,finance,testing,Контроль обучения сотрудников,Проверка знаний онлайн,Курсы и тесты в Kamilya,Обучение без ручных таблиц,Назначайте обучение команде,ИБ-курс с адаптацией,Для компаний Казахстана,Запросить демонстрацию,Проверяйте знания сотрудников после обучения и сохраняйте результаты в журнале.,Соберите курс из внутренних документов и адаптируйте готовую основу под себя.,Назначайте обучение нужным сотрудникам и отслеживайте прогресс без таблиц.,Покажем полный путь от документа до теста на материалах вашей организации.
KZ | Finance | Search | RU,Paused,AG1b | Mandatory training,Paused,https://www.kml.kz/ru/finance?utm_source=google&utm_medium=cpc&utm_campaign=kz_finance_search_ru&utm_content=ag_mandatory_rsa_a,finance,required,Обязательное обучение,Для финансовых организаций,Курсы из ваших документов,Проверка знаний команды,Тесты и назначения,Результаты в одном журнале,Для компаний Казахстана,Запросить демонстрацию,Организуйте обязательное обучение и проверку знаний сотрудников в Kamilya.,Адаптируйте содержание под документы и порядок вашей организации.,Назначайте курс нужным сотрудникам и сохраняйте результаты прохождения.,Покажем реальный сценарий на материалах вашей финансовой организации.
KZ | Finance | Search | RU,Paused,AG1b | Mandatory training,Paused,https://www.kml.kz/ru/finance?utm_source=google&utm_medium=cpc&utm_campaign=kz_finance_search_ru&utm_content=ag_mandatory_rsa_b,finance,training,Обучение сотрудников онлайн,Курс и тест в Kamilya,Контроль прохождения,Адаптация под компанию,Без ручных таблиц,ИБ-курс с готовой основой,Для МФО и ломбардов,Демо на ваших документах,Соберите понятный курс для обязательного обучения сотрудников компании.,Ваша команда проверяет и утверждает содержание перед публикацией.,Контролируйте назначения прогресс и результаты тестов в одном журнале.,Обсудим ваш процесс и покажем Kamilya на собственных документах.
KZ | Finance | Search | RU,Paused,AG2 | Employee training,Paused,https://www.kml.kz/ru/finance?utm_source=google&utm_medium=cpc&utm_campaign=kz_finance_search_ru&utm_content=ag_training_rsa_a,finance,training,Платформа обучения Kamilya,Для финансовых организаций,Обучение сотрудников онлайн,Курсы из ваших документов,Тесты и назначения,Прогресс в одном журнале,Русский и казахский языки,Демо на ваших материалах,Готовьте и назначайте обучение сотрудникам в одном рабочем контуре Kamilya.,Адаптируйте курс по ИБ под правила роли и документы вашей организации.,Методист проверяет содержание до публикации и назначения сотрудникам.,Посмотрите реальный сценарий платформы на демонстрации для вашей команды.
KZ | Finance | Search | RU,Paused,AG2 | Employee training,Paused,https://www.kml.kz/ru/finance?utm_source=google&utm_medium=cpc&utm_campaign=kz_finance_search_ru&utm_content=ag_training_rsa_b,finance,lms,Kamilya для обучения команды,Корпоративное обучение,Курсы тесты и сертификаты,Назначения без таблиц,Адаптация под компанию,Для МФО и ломбардов,Для страховых и брокеров,Запросить демонстрацию,Превратите внутренние документы в понятные курсы и тесты для сотрудников.,Управляйте назначениями прогрессом и результатами обучения в одном месте.,Начните с готовой основы по ИБ и дополните её локальными правилами компании.,Покажем возможности Kamilya руководству методисту и ответственному за ИБ.
KZ | Finance | Search | RU,Paused,AG3 | Automation,Paused,https://www.kml.kz/ru/finance?utm_source=google&utm_medium=cpc&utm_campaign=kz_finance_search_ru&utm_content=ag_automation_rsa_a,finance,automation,Автоматизация обучения,Курсы из документов,Назначения и результаты,Меньше ручной работы,Для финансовых организаций,ИБ-курс с адаптацией,Журнал обучения команды,Демо на ваших материалах,Сократите ручные операции при создании назначении и контроле обучения.,Kamilya объединяет документы курсы тесты назначения и результаты сотрудников.,Ваша команда проверяет и утверждает содержание до публикации курса.,Покажем полный рабочий сценарий на документах вашей организации.
KZ | Finance | Search | RU,Paused,AG3 | Automation,Paused,https://www.kml.kz/ru/finance?utm_source=google&utm_medium=cpc&utm_campaign=kz_finance_search_ru&utm_content=ag_automation_rsa_b,finance,workflow,Обучение в одном контуре,Без ручных таблиц,Контроль прогресса команды,Курс и тест из документов,Для компаний Казахстана,Назначайте обучение онлайн,Результаты в журнале,Запросить демонстрацию,От внутреннего документа до назначенного курса и результата в одном контуре.,Автоматизируйте повторяющиеся шаги не отдавая контроль содержания системе.,Методист управляет курсом тестом назначениями и журналом обучения.,Обсудим ваш процесс и покажем Kamilya на реальном сценарии.
KZ | Finance | Search | RU,Paused,AG4 | LMS category,Paused,https://www.kml.kz/ru/finance?utm_source=google&utm_medium=cpc&utm_campaign=kz_finance_search_ru&utm_content=ag_lms_rsa_a,finance,lms,LMS Kamilya для компаний,Обучение сотрудников,Курсы из ваших документов,Тесты и сертификаты,Назначения и прогресс,Для финансовых организаций,Русский и казахский языки,Демо на ваших материалах,Kamilya помогает создавать назначать и контролировать обучение сотрудников.,Адаптируйте готовую основу курса по ИБ под документы и процессы компании.,Смотрите прогресс результаты тестов и историю обучения в одном журнале.,Покажем платформу на сценарии вашей финансовой организации.
KZ | Finance | Search | RU,Paused,AG4 | LMS category,Paused,https://www.kml.kz/ru/finance?utm_source=google&utm_medium=cpc&utm_campaign=kz_finance_search_ru&utm_content=ag_lms_rsa_b,finance,platform,Платформа обучения Kamilya,Для финансовых организаций,Курсы тесты назначения,Контроль обучения команды,Готовая основа по ИБ,Адаптация под документы,Результаты без таблиц,Запросить демонстрацию,Единая платформа для курсов тестов назначений и контроля результатов.,Начните с готовой основы и добавьте внутренние правила вашей организации.,Содержание курса проверяет и утверждает ответственная команда клиента.,Закажите демонстрацию и обсудите пилот на собственных документах.
